modality,modality_idx,depth,val_rmse_mean,val_rmse_std,val_r2_mean,val_r2_std,val_spearman_mean,val_spearman_std,val_pearson_mean,val_pearson_std
PRS,0,1,0.15256918114453,0.004464873608210125,0.21713900566101074,0.03901325648424142,0.4554006990050202,0.040901376569591176,0.47949114,0.03759381
PRS,0,2,0.1532018086936453,0.003747111106450666,0.2105496883392334,0.037039267453271144,0.4542011290551817,0.033058884100183525,0.4794057,0.030169306
PRS,0,3,0.15318096093398248,0.0030868724681909396,0.2110913634300232,0.024942734967854017,0.4540119419126751,0.03408205149247548,0.48186898,0.023998527
PRS,0,4,0.1537175108072428,0.003385872588873018,0.2055092930793762,0.028322437838801725,0.4502753869692784,0.04008932360222752,0.4775938,0.03298702
PRS,0,5,0.1524906316479755,0.0035498207354414516,0.21800680160522462,0.03241823073788577,0.45822857808011175,0.03929792965775134,0.48450765,0.029750178
SCZ15,1,1,0.15410421944416935,0.0036342538427983073,0.20143066644668578,0.031966679459300165,0.447521475675423,0.03533697455374748,0.47355288,0.02505892
SCZ15,1,2,0.1532018086936453,0.003747111106450666,0.2105496883392334,0.037039267453271144,0.4542011290551817,0.033058884100183525,0.4794057,0.030169306
SCZ15,1,3,0.15304820873913988,0.0029064275922800202,0.2125062108039856,0.022127351790784993,0.45511118275669427,0.03467948458333898,0.48389846,0.029719068
SCZ15,1,4,0.15309585142961848,0.0035545776934473956,0.21184720993041992,0.031207269466011236,0.45726436570734574,0.03377189530660423,0.48436418,0.026338408
SCZ15,1,5,0.15419280047947106,0.0036334459462208195,0.20023292303085327,0.0384899598361863,0.45121434069338273,0.039765528310757706,0.47881365,0.038840137
ADHD9,2,1,0.15260522469914864,0.00348398594165374,0.21708039045333863,0.02534251525134791,0.4492047972021814,0.031509579361576036,0.48085356,0.025040707
ADHD9,2,2,0.1532018086936453,0.003747111106450666,0.2105496883392334,0.037039267453271144,0.4542011290551817,0.033058884100183525,0.4794057,0.030169306
ADHD9,2,3,0.15285410791773907,0.002765071040206094,0.21453475952148438,0.019920630613297033,0.4580565061352992,0.030427617521323697,0.48204613,0.027580744
ADHD9,2,4,0.15465657242096467,0.0033237174318923096,0.19549564123153687,0.0351186313994409,0.45423119230643333,0.03443614086610857,0.48061132,0.028221779
ADHD9,2,5,0.15350510883058494,0.0028688813713773115,0.20739017724990844,0.03385043519376082,0.4556831508496907,0.03400984339359341,0.4823225,0.026377602
ASD9,3,1,0.15264132587823098,0.004224372571648909,0.2164794921875,0.03607011621593947,0.4501024037090223,0.03772946726782769,0.47934684,0.0327214
ASD9,3,2,0.1532018086936453,0.003747111106450666,0.2105496883392334,0.037039267453271144,0.4542011290551817,0.033058884100183525,0.4794057,0.030169306
ASD9,3,3,0.15324251956678495,0.002957568703903495,0.21013414859771729,0.033276023102672594,0.45499354123963326,0.031091656292193848,0.48256454,0.024901772
ASD9,3,4,0.15381344801618252,0.0030971663816819674,0.20449771881103515,0.027000322632249975,0.4515370678007217,0.03578586323528946,0.48233333,0.025937151
ASD9,3,5,0.15382775347491823,0.0035949553023616556,0.2041090965270996,0.03600096842423709,0.4547217629409571,0.029541936440950742,0.48005646,0.026656333
ACE15,4,1,0.15333165132931098,0.00327522290894225,0.20945011377334594,0.028760635375048527,0.4506512924016399,0.03781194472483213,0.47706336,0.0287204
ACE15,4,2,0.1532018086936453,0.003747111106450666,0.2105496883392334,0.037039267453271144,0.4542011290551817,0.033058884100183525,0.4794057,0.030169306
ACE15,4,3,0.15416691853308595,0.0030331069641301232,0.2011966109275818,0.012549457935655008,0.45712370630336857,0.030402690821395646,0.4817984,0.021500586
ACE15,4,4,0.15385080546175547,0.004531413108094247,0.20333633422851563,0.050739303320421696,0.4515612045873395,0.0360711526277418,0.47617736,0.036001943
ACE15,4,5,0.15365486727504285,0.003930766129344953,0.20579785108566284,0.039762598730201465,0.4541649417454364,0.037974054795833184,0.47994715,0.029823668
ACE18,5,1,0.1525403897650383,0.0026501945365677527,0.2177374005317688,0.01979465493438711,0.4557113077557068,0.028792607961859874,0.4810893,0.020966638
ACE18,5,2,0.1532018086936453,0.003747111106450666,0.2105496883392334,0.037039267453271144,0.4542011290551817,0.033058884100183525,0.4794057,0.030169306
ACE18,5,3,0.15339737772120715,0.003122841297768375,0.2087811589241028,0.027675623929388236,0.44815810717093585,0.03321154724114522,0.4777979,0.027565913
ACE18,5,4,0.15354301251586683,0.003762624250626131,0.20723358392715455,0.03256245000227396,0.45214224343728987,0.03731947966665357,0.4765056,0.02840684
ACE18,5,5,0.1534343476132674,0.003484574180452245,0.20832643508911133,0.03168362507890312,0.4491127208520318,0.040411040132598115,0.47618204,0.031592067
SUD18,6,1,0.1525585643492282,0.002636321460716523,0.21755094528198243,0.019701354690479365,0.45560695759792214,0.028514794507500427,0.48084226,0.021084702
SUD18,6,2,0.1532018086936453,0.003747111106450666,0.2105496883392334,0.037039267453271144,0.4542011290551817,0.033058884100183525,0.4794057,0.030169306
SUD18,6,3,0.1533999783647443,0.0031617994819819646,0.20875526666641236,0.027882177605884007,0.44582538237267544,0.03121965721666368,0.4754402,0.024292335
SUD18,6,4,0.15357173363220553,0.0037450674213004255,0.2069277286529541,0.03268277923911052,0.4518278452901088,0.03725156199361531,0.47612333,0.028595053
SUD18,6,5,0.15342389146855567,0.0035279703876627197,0.20844112634658812,0.031765329695452656,0.44933253867835604,0.040555915608161165,0.47621927,0.03170068
SES,7,1,0.1525911195747451,0.002617961170044521,0.21720566749572753,0.020023037362626995,0.4551330384754486,0.028561750982952973,0.4805985,0.021082073
SES,7,2,0.1532018086936453,0.003747111106450666,0.2105496883392334,0.037039267453271144,0.4542011290551817,0.033058884100183525,0.4794057,0.030169306
SES,7,3,0.15335484586361298,0.003138315714795201,0.2092273235321045,0.027547603276467197,0.44614557828929924,0.030983098363771788,0.47404566,0.025027907
SES,7,4,0.1535684690025109,0.0037196957026761094,0.20695714950561522,0.03263130606159614,0.4517370756914487,0.03742312807464574,0.47615966,0.028798368
SES,7,5,0.15345248913480466,0.0035453106605723324,0.20813271999359131,0.03220381448351566,0.4490412670958451,0.04053760345086207,0.47606605,0.031931844
SEX,8,1,0.15307089296600146,0.003302799814695237,0.21197279691696166,0.0331187063325645,0.454153591861698,0.03431143078288611,0.48048845,0.026832733
SEX,8,2,0.1532018086936453,0.003747111106450666,0.2105496883392334,0.037039267453271144,0.4542011290551817,0.033058884100183525,0.4794057,0.030169306
SEX,8,3,0.15242951154641018,0.004429016734108767,0.21882874965667726,0.03352824279465167,0.4550164584022932,0.04100411508129708,0.48287302,0.032335546
SEX,8,4,0.1531818929978926,0.003796078176130601,0.21099774837493895,0.0315069235402818,0.454674860597745,0.036625466809614156,0.48038206,0.028541096
SEX,8,5,0.15270145638282537,0.003321418049809186,0.21597473621368407,0.027718478532300913,0.45426977326275175,0.03968796873131413,0.48255554,0.02456282
