Variable,Estimate_mean,Estimate_std,StdError_mean,t_value_mean,p_value_mean,p_value_median,p_value_min,p_value_max,n_significant,n_seeds_present,pct_significant,significance
ACE18_emotional_abuse18,-0.0398,0.0016,0.0041,-9.601,0,0,0,0,5,5,100,***
ACE18_witness_crime18,-0.0266,0.002,0.0064,-4.139,6.13e-5,5.09e-5,2.885216370263066e-6,1.5756766662766708e-4,5,5,100,***
SCZ15_Too_much_energy15,0.0104,0.0012,0.0025,4.177,9.92e-5,5.35e-5,1.3492024721895035e-6,0.00035982285548419313,5,5,100,***
SCZ15_Seen_hallucinations15,0.0197,0.0026,0.0045,4.408,1.13e-4,3.2e-6,4.430572053681914e-7,5.1955370062573e-4,5,5,100,***
SCZ15_headaches15,0.0105,0.0014,0.0027,3.852,3.94e-4,2.48e-4,4.343710534371326e-6,0.0013656926768514932,5,5,100,***
SCZ15_Extreme_excitement15,0.0078,0.0019,0.0019,4.059,5.37e-4,5.55e-4,1.5816219045561297e-7,0.0015384610716813185,5,5,100,***
SCZ15_Special_messages15,0.0895,0.0207,0.0261,3.403,0.00182,0.00115,3.6082953471350265e-5,0.006181492206695172,5,5,100,**
SCZ15_Talking_fast15,0.0085,0.001,0.0026,3.25,0.00228,6.99e-4,3.4654392529898104e-4,0.007887102477918795,5,5,100,**
SCZ15_Read_others_minds15,0.0079,0.0013,0.0025,3.165,0.0039,0.00149,7.642481569636317e-5,0.01121346976943105,5,5,100,**
SUD15_Alcohol15:SCZ15_Special_messages15,-0.0201,0.0057,0.0072,-2.755,0.0137,0.00543,2.7925635963343964e-4,0.044874083543041454,5,5,100,*
PRS_all,0.016,0.0047,0.0057,2.817,0.0191,0.00482,6.585969251293733e-5,0.04682136907297063,5,5,100,*
ACE15_emotional_bullying15,0.0291,0.007,0.0123,2.354,0.0283,0.0298,0.002267173729270766,0.06201095081269492,4,5,80,*
SUD15_Snuff15:SCZ15_Talking_fast15,0.0101,0.0025,0.0045,2.237,0.0498,0.0152,0.00345829247776952,0.15925659796365133,3,5,60,*
SUD15_Alcohol15:ACE15_emotional_bullying15,-0.0069,0.0017,0.0033,-2.046,0.0575,0.0707,0.008948071680832559,0.11709750266487307,2,5,40,.
ASD9_difficulty_converse9,-0.0255,0.0052,0.0128,-2.006,0.0603,0.0484,0.005915907468858617,0.12643084726500975,3,5,60,.
factor(batch)PSYC:PC2,-0.273,0.0772,0.1317,-2.068,0.0659,0.025,0.007111908012166879,0.16574282661693873,3,5,60,.
SCZ15_Spied15,0.0061,0.0022,0.0028,2.161,0.0682,0.0304,6.98403884426213e-4,0.18182091244035048,3,5,60,.
SES_education_father,-0.0033,8e-4,0.0017,-1.919,0.0712,0.0691,0.006820293982297887,0.11551537234188602,1,5,20,.
ASD9_absorbed_own9,-0.012,0.0029,0.0062,-1.941,0.073,0.0469,0.01385848945054402,0.21072761250011163,3,5,60,.
ASD9_easily_influenced9,0.0071,0.0017,0.0039,1.837,0.092,0.0429,0.027215698412708766,0.28238921192917465,3,5,60,.
SUD15_Snuff15:ACE15_tease_bullying15,-0.0106,0.004,0.0059,-1.765,0.111,0.14,0.016967502180494698,0.22137562247016995,2,5,40,
SUD15_Cigarettes15:SCZ15_Racing_thoughts15,-0.0045,8e-4,0.0027,-1.653,0.111,0.0719,0.055427605223935306,0.21643482370158762,0,5,0,
SUD15_Painkillers_opioids15:ACE15_bullying_by_num15,-0.0087,0.0031,0.0046,-1.893,0.112,0.0601,0.003067033210153003,0.36530650619217697,2,5,40,
SUD15_Cannabis15:PRS_all,-0.0375,0.013,0.0209,-1.796,0.113,0.144,0.008438956188024038,0.2347244394545962,2,5,40,
SUD15_Painkillers_opioids15:ACE18_other_abuse18,0.2655,0.0844,0.1555,1.709,0.12,0.118,0.01683156299912203,0.22934260691412756,1,4,20,
SUD15_Painkillers_opioids15,-0.1852,0.1436,0.1305,-0.856,0.133,0.101,0.03034396826439778,0.2545327595816764,1,5,20,
SUD15_Painkillers_opioids15:PRS_Medium_spiny_neuron,-0.0555,0.0049,0.0371,-1.495,0.138,0.134,0.08838356139619297,0.19027463902293218,0,5,0,
SUD15_OtherDrugs15:ADHD9_avoid_mental_effort_tasks9,0.0202,0.005,0.0131,1.552,0.143,0.0915,0.056331503408312056,0.27840921665513463,0,5,0,
SCZ15_Rage_attacks15,0.0073,0.0029,0.004,1.819,0.144,0.0394,0.021019828545215002,0.5779883505224732,3,5,60,
ACE15_rumours_bullying15,0.007,0.0021,0.0044,1.59,0.146,0.0777,0.034377866950013214,0.3727294470926399,1,5,20,
SUD15_OtherDrugs15:PRS_Eccentric_medium_spiny_neu,0.0669,0.0236,0.0407,1.655,0.146,0.141,0.015571754791479098,0.3212147747793319,2,5,40,
SUD15_Alcohol15:ADHD9_often_forgetful9,0.0066,0.0017,0.0043,1.535,0.149,0.108,0.040642845648464876,0.3291878672107076,1,5,20,
SES_birth_country_father,-0.02,0.0079,0.0119,-1.68,0.157,0.0541,0.02123158096436062,0.5299714369919037,2,5,40,
SUD15_Alcohol15:SCZ15_Sexual_inappropriate15,0.0222,0.0105,0.0122,1.823,0.157,0.0379,0.004719165623838784,0.521027081841597,3,5,60,
SUD15_Alcohol15:PRS_CGE_interneuron,0.024,0.0075,0.016,1.505,0.167,0.186,0.03359375421836974,0.2835050501936227,1,5,20,
SUD15_Alcohol15:ADHD9_not_listening9,-0.0068,0.0026,0.0044,-1.545,0.169,0.135,0.02150642406108849,0.3634118835616107,1,5,20,
SUD15_Snuff15:SEX,-0.0139,0.0068,0.0083,-1.658,0.174,0.0871,0.009347330171079804,0.5030288865594956,2,5,40,
PRS_CGE_interneuron,-0.0878,0.0338,0.059,-1.492,0.185,0.267,0.030430358560397552,0.30120206256661675,2,5,40,
SUD15_OtherDrugs15:PRS_MGE_interneuron,0.0636,0.0292,0.0422,1.505,0.188,0.181,0.008915497590653576,0.32762413463205964,1,5,20,
SUD15_OtherDrugs15:SCZ15_headaches15,-0.0104,0.0044,0.0071,-1.461,0.205,0.088,0.026637164107404576,0.4710269558266602,1,5,20,
SUD15_Painkillers_opioids15:SCZ15_Not_tired15,0.0039,0.0046,0.0038,1.056,0.213,0.138,0.033353465732055554,0.4347607043678252,1,5,20,
SCZ15_Sexual_inappropriate15,-0.066,0.0366,0.0413,-1.594,0.213,0.0826,0.006562144360590549,0.49211227571430416,2,5,40,
SUD15_Cigarettes15:ADHD9_often_lose_things9,-0.0064,0.0025,0.0049,-1.319,0.233,0.171,0.03386380662569688,0.49084526608377343,1,5,20,
ACE15_tease_bullying15,0.0052,0.0013,0.0042,1.228,0.238,0.156,0.14530961129967235,0.450358377085025,0,5,0,
ADHD9_easily_bored9,-0.0057,0.0023,0.0044,-1.293,0.245,0.306,0.05553049938390542,0.48415506692788357,0,5,0,
SUD15_OtherDrugs15:SEX,0.0153,0.004,0.0127,1.215,0.246,0.199,0.12090149083332902,0.5279295245083804,0,5,0,
SCZ15_Hear_voices15,0.0091,0.0029,0.0074,1.241,0.247,0.229,0.0732660766139297,0.48769927833266724,0,5,0,
SUD15_Cigarettes15:SCZ15_Seen_hallucinations15,-0.0041,0.004,0.0039,-1.059,0.247,0.274,0.055845449400964586,0.5354604041632849,0,5,0,
SUD15_Snuff15:SCZ15_Extreme_excitement15,-0.0038,0.0045,0.0032,-1.198,0.249,0.0749,0.01801361544430713,0.7119442332312325,2,5,40,
SUD15_Snuff15:SES_education_mother,0.0043,0.0019,0.0034,1.282,0.251,0.277,0.049318301630988604,0.5331410838793504,1,5,20,
SUD15_Cigarettes15:ADHD9_easily_bored9,0.0064,0.0032,0.0047,1.352,0.253,0.244,0.02743869769050411,0.5058614291979615,1,5,20,
SUD15_Alcohol15:SCZ15_lose_confidence15,0.0032,0.0021,0.0025,1.297,0.271,0.127,0.04493622734769254,0.9110664623139453,1,5,20,
SEX,-0.0167,0.0056,0.0144,-1.167,0.271,0.283,0.06135378840550598,0.38923112263669,0,5,0,
SUD15_Cannabis15:SCZ15_Unrealistic_abilities15,0.0238,0.0133,0.0179,1.352,0.272,0.126,0.02740508292110544,0.8587019126918713,1,5,20,
SUD15_OtherDrugs15:ACE15_bullying_time15,0.0048,0.0024,0.0039,1.217,0.279,0.193,0.039371656217088935,0.5427449061124645,1,5,20,
SCZ15_lose_confidence15,-0.0108,0.0075,0.0091,-1.194,0.287,0.125,0.051157494614636256,0.8613504256866287,0,5,0,
SUD15_Painkillers_opioids15:ASD9_difficulty_expect_behavior9,-0.0134,0.0182,0.0183,-0.719,0.293,0.25,0.11838328209653581,0.5459955036665518,0,5,0,
ASD9_dislike_change9,0.0057,0.0022,0.0051,1.111,0.3,0.214,0.11050261073140044,0.5616586920404008,0,5,0,
SUD15_Alcohol15:SCZ15_Irritable15,0.0029,0.0015,0.0024,1.179,0.307,0.243,0.050767341989780945,0.818910763778514,0,5,0,
PRS_MGE_interneuron,-0.0193,0.0051,0.0187,-1.033,0.316,0.322,0.14049567069965962,0.47158910852876135,0,5,0,
ASD9_difficulty_socialize9,0.0125,0.0077,0.0102,1.232,0.317,0.336,0.039011416046651703,0.5887249518916859,2,5,40,
SCZ15_Unrealistic_abilities15,0.0088,0.0063,0.0078,1.137,0.322,0.175,0.03191392800479065,0.8922881257100079,1,5,20,
ADHD9_often_forgetful9,-0.0177,0.0099,0.0154,-1.139,0.328,0.152,0.09102987468839108,0.7997118013897924,0,5,0,
SUD15_OtherDrugs15:ASD9_difficulty_on_track9,-0.0224,0.0084,0.0219,-1.028,0.331,0.277,0.14510268974638896,0.6836054432236605,0,5,0,
ASD9_delay_language9,0.0048,0.0024,0.0045,1.055,0.339,0.33,0.05483334166785747,0.5916195825086903,0,5,0,
ADHD9_not_listening9,0.0174,0.0094,0.016,1.086,0.34,0.234,0.10137718206003177,0.716305851130248,0,5,0,
SUD15_Painkillers_opioids15:ADHD9_difficulty_organizing_tasks9,-0.0151,0.0031,0.0158,-0.965,0.343,0.371,0.18904379914810843,0.4407562363249702,0,5,0,
SUD15_Snuff15:PRS_Hippocampal_CA4,0.026,0.0053,0.0277,0.945,0.354,0.32,0.21589835152385373,0.46752014014841836,0,5,0,
SUD15_Cannabis15:ASD9_absorbed_details9,0.0189,0.0199,0.0228,0.803,0.354,0.325,0.07460432936733552,0.5907475755558929,0,5,0,
SCZ15_Racing_thoughts15,0.003,0.0013,0.003,1.003,0.355,0.315,0.11570575371753677,0.600929057255492,0,5,0,
SUD15_Alcohol15,-0.0149,0.0098,0.0137,-1.087,0.367,0.201,0.07771096042808923,0.8596612540018458,0,5,0,
ADHD9_difficulty_organizing_tasks9,-0.0069,0.0034,0.0071,-0.968,0.374,0.372,0.12315238846716436,0.6729473598008764,0,5,0,
SUD15_Painkillers_opioids15:ASD9_dislike_change9,-0.0102,0.0065,0.01,-1.039,0.381,0.199,0.06817289709087726,0.7733060728185213,0,5,0,
ASD9_difficulty_pretend_play9,-0.0084,0.0034,0.0092,-0.915,0.383,0.321,0.16399436605168782,0.6576034706444618,0,5,0,
SUD15_Cigarettes15:SCZ15_Spied15,0.003,0.0017,0.0031,0.974,0.383,0.353,0.1270240917264962,0.903374853876413,0,5,0,
ASD9_uninterested_sharing9,0.0424,0.0375,0.0524,0.895,0.384,0.24,0.11311275049449687,0.7866908968328423,0,5,0,
SUD15_Cigarettes15:PRS_Miscellaneous,0.0201,0.0076,0.0221,0.91,0.385,0.341,0.16434172661834512,0.5913493514267696,0,5,0,
SUD15_Alcohol15:PRS_Upper_layer_intratelenceph,0.0154,0.0078,0.0162,0.946,0.387,0.232,0.14748501884799592,0.6961066311982382,0,5,0,
SUD15_Cannabis15:ASD9_difficulty_pretend_play9,-0.0787,0.0054,0.0918,-0.857,0.392,0.385,0.3632686290972491,0.4282408430840481,0,3,0,
SUD15_Painkillers_opioids15:ADHD9_difficulty_waiting9,0.0075,0.0055,0.0088,0.86,0.393,0.34,0.18184714783629352,0.8679142550183612,0,5,0,
SUD15_Alcohol15:SES_birth_country_father,0.0031,0.0019,0.0033,0.948,0.403,0.194,0.1507800001619013,0.8625178108194385,0,5,0,
SCZ15_easily_scared15,-0.0026,0.0012,0.0029,-0.891,0.404,0.409,0.15205587900064277,0.7427221469874901,0,5,0,
ADHD9_often_interrupt9,-0.005,0.0028,0.0054,-0.923,0.404,0.267,0.13052885239162482,0.7158504057461321,0,5,0,
ASD9_talk_too_high_low9,-0.0051,0.0036,0.0053,-0.976,0.407,0.33,0.0540702112685616,0.9965014426618146,0,5,0,
SUD15_Painkillers_opioids15:ADHD9_often_move9,0.0105,0.0032,0.0125,0.843,0.411,0.361,0.24798577449454484,0.6183019575496616,0,5,0,
SUD15_Painkillers_opioids15:SCZ15_Under_control_special_power15,-0.0064,0.0052,0.006,-1.054,0.415,0.299,0.023569236308063957,0.9288805115068588,1,5,20,
SUD15_OtherDrugs15:ADHD9_often_interrupt9,0.0114,0.0076,0.0125,0.872,0.419,0.42,0.12028000891589574,0.7233952624874069,0,5,0,
SUD15_Snuff15:SCZ15_unhappy15,0.0061,0.0041,0.0066,0.921,0.421,0.354,0.0800754528046137,0.8784470707436338,0,5,0,
SUD15_Cigarettes15:ADHD9_fail_close_attention9,-0.0046,0.0016,0.0055,-0.834,0.422,0.386,0.23198817606849786,0.7250123373944768,0,5,0,
ADHD9_easily_distracted9,0.0041,0.0022,0.0047,0.877,0.423,0.513,0.13044283525163536,0.7381007379404889,0,5,0,
SUD15_Snuff15:ADHD9_easily_distracted9,0.0069,0.0044,0.0079,0.88,0.424,0.355,0.14031087317923152,0.9780919904305101,0,5,0,
PRS_Miscellaneous,0.0164,0.0056,0.02,0.821,0.426,0.451,0.19252427657244153,0.5440094982355599,0,5,0,
SUD15_Cigarettes15:ASD9_delay_language9,0.0049,0.004,0.006,0.814,0.429,0.363,0.13749306933810246,0.8632218868540131,0,5,0,
SUD15_Cigarettes15:ASD9_difficulty_express9,-0.0145,0.0306,0.0334,-0.424,0.432,0.312,0.24183666568009698,0.7622122014956036,0,5,0,
PRS_Upper_layer_intratelenceph,-0.051,0.0283,0.0599,-0.849,0.434,0.345,0.19699303138909374,0.8140295449957271,0,5,0,
ASD9_difficulty_on_track9,0.0054,0.003,0.0065,0.839,0.44,0.363,0.16956766844206883,0.8196570182679568,0,5,0,
SUD15_Alcohol15:ASD9_uninterested_sharing9,-0.0085,0.0092,0.0142,-0.651,0.441,0.382,0.20774425110301808,0.6850789257818997,0,5,0,
factor(batch)GSA1:PC2,-0.4018,0.1693,0.4996,-0.809,0.442,0.563,0.19938227446400858,0.5962878723977649,0,5,0,
ADHD9_difficulty_hold_still9,0.003,0.0031,0.005,0.584,0.443,0.464,0.2987771014951639,0.6240814110623945,0,5,0,
PRS_Eccentric_medium_spiny_neu,-0.0072,0.0163,0.0182,-0.399,0.455,0.426,0.17720458642242676,0.8246732651246034,0,5,0,
SUD15_Painkillers_opioids15:SEX,-0.0068,0.0051,0.0077,-0.897,0.457,0.624,0.09207497609463022,0.8016998297475544,0,5,0,
SUD15_Snuff15:SCZ15_Others_Read_thoughts15,-0,0.0046,0.0052,-0.004,0.46,0.386,0.332622641930999,0.7768231065491331,0,5,0,
PRS_Hippocampal_CA1_3,-0.017,0.0108,0.0207,-0.822,0.46,0.389,0.1049154224806399,0.7779059060222773,0,5,0,
SUD15_OtherDrugs15,-0.0234,0.0144,0.0286,-0.818,0.46,0.539,0.10427380507024187,0.7627524595996937,0,5,0,
SCZ15_Irritable15,-0.0057,0.0064,0.0088,-0.64,0.461,0.447,0.1456909096709882,0.7555046719515728,0,5,0,
SUD15_Cannabis15:SCZ15_Rage_attacks15,0.0068,0.0075,0.0092,0.74,0.461,0.281,0.11831828580682124,0.9936550232641834,0,5,0,
SUD15_Cannabis15:ACE15_rumours_bullying15,0.0054,0.009,0.011,0.535,0.463,0.487,0.1160653989639131,0.7684411595289782,0,5,0,
SCZ15_unhappy15,-0.003,0.0019,0.0037,-0.813,0.466,0.563,0.09355394361094493,0.7022218420974751,0,5,0,
SCZ15_PROD_seen_hallucinations9,0.0078,0.0047,0.0098,0.786,0.466,0.414,0.15695749211696808,0.7936259602418014,0,5,0,
SCZ15_Under_control_special_power15,0.002,0.0035,0.0045,0.457,0.471,0.448,0.22503329633337854,0.8166596655333054,0,5,0,
SUD15_Cannabis15:SCZ15_Special_powers15,0.0156,0.0073,0.0211,0.764,0.475,0.601,0.18931263989614622,0.6791739554272294,0,5,0,
SUD15_Alcohol15:SEX,0.0029,0.0017,0.0038,0.772,0.479,0.623,0.12849447698672112,0.6490425655368022,0,5,0,
ACE18_hate_crime18,-0.0269,0.017,0.0348,-0.763,0.483,0.449,0.21426377516061335,0.9118006668867396,0,5,0,
SUD15_Snuff15,0.0123,0.0133,0.0204,0.592,0.486,0.506,0.1731603041808445,0.7140288463096454,0,5,0,
SUD15_Cigarettes15:ACE15_bullied_often15,0.0026,0.0025,0.0036,0.724,0.487,0.531,0.14093386611319092,0.8651610923795396,0,5,0,
SUD15_Cannabis15:SCZ15_easily_scared15,-0.0052,0.0076,0.0102,-0.501,0.489,0.463,0.18450992911083475,0.9945451779444838,0,5,0,
PRS_Deep_layer_intratelencepha,-0.0156,0.0091,0.0209,-0.745,0.49,0.599,0.14705963797261945,0.6908934118785133,0,5,0,
SCZ15_Special_powers15,0.0048,0.0037,0.006,0.796,0.491,0.371,0.1194203852432516,0.8870540278813677,0,5,0,
SUD15_Painkillers_opioids15:SCZ15_Hear_voices15,0.0019,0.0095,0.009,0.163,0.498,0.553,0.08157886169630402,0.7922542874020115,0,5,0,
PRS_Thalamic_excitatory,0.0125,0.0092,0.0174,0.72,0.499,0.426,0.16306358967153578,0.960316310336544,0,5,0,
SUD15_Cigarettes15:ADHD9_difficulty_calm9,-0.0065,0.0048,0.0086,-0.765,0.501,0.434,0.10896734848670997,0.8309340152761622,0,5,0,
PRS_Amygdala_excitatory,-0.0149,0.0113,0.0201,-0.74,0.505,0.478,0.18249235552901855,0.9864343514664657,0,5,0,
SUD15_Cigarettes15:SEX,-0.0022,0.005,0.0064,-0.345,0.507,0.492,0.23992769178178008,0.8274503215790976,0,5,0,
ADHD9_fail_close_attention9,0.0043,0.0037,0.0054,0.8,0.508,0.641,0.10509815042248993,0.9218863649734674,0,5,0,
SUD15_Snuff15:ASD9_difficulty_converse9,-0.0013,0.0501,0.0395,0.168,0.51,0.538,0.016488135833403472,0.9543780047292911,1,5,20,
SUD15_Cigarettes15:SCZ15_worry15,0.0015,0.0023,0.003,0.511,0.514,0.597,0.14646052347012128,0.8920046455410713,0,5,0,
ACE18_other_abuse18,0.0287,0.1496,0.1194,0.384,0.52,0.594,0.003317830533689836,0.9044609503847287,1,5,20,
SUD15_Cannabis15:ASD9_own_terms9,0.0167,0.012,0.0231,0.674,0.521,0.47,0.2624788904671931,0.7649728141262631,0,5,0,
ACE15_bullying_by_num15,-0.0024,0.0012,0.0036,-0.669,0.523,0.481,0.25989954582197483,0.7604858731191992,0,5,0,
SUD15_Cannabis15:SES_education_father,-0.004,0.0023,0.0058,-0.668,0.527,0.489,0.2519295491424618,0.9437010334295737,0,5,0,
ADHD9_difficulty_following_instructions9,-0.0022,0.0061,0.0071,-0.303,0.527,0.527,0.15757610153532609,0.869255946122907,0,5,0,
SUD15_Cigarettes15:ASD9_absorbed_own9,0.0015,0.005,0.0069,0.209,0.53,0.564,0.2759071343492545,0.6636154379136787,0,5,0,
SUD15_Snuff15:PRS_Thalamic_excitatory,-0.0213,0.0186,0.0292,-0.734,0.537,0.635,0.06371676426821593,0.8535713717642097,0,5,0,
SUD15_Painkillers_opioids15:PRS_Deep_layer_intratelencepha,0.0229,0.0194,0.0327,0.706,0.542,0.642,0.16636061763283472,0.8905080246945265,0,5,0,
SUD15_Snuff15:ADHD9_difficulty_with_attention9,-0.0045,0.0067,0.0075,-0.599,0.543,0.584,0.053620736988994055,0.9362793547654515,0,5,0,
ASD9_absorbed_details9,0.0036,0.0011,0.0059,0.608,0.548,0.585,0.36403796231152175,0.6365724999012139,0,5,0,
ACE15_bullying_time15,-5e-4,0.002,0.0025,-0.215,0.55,0.471,0.22306009072277955,0.9090824256513084,0,5,0,
PRS_Deep_layer_corticothalamic,0.0138,0.0142,0.0187,0.735,0.553,0.474,0.09073327194911318,0.9973488893185687,0,5,0,
SCZ15_worry15,-0.002,0.0017,0.0029,-0.677,0.557,0.506,0.12330740463671575,0.9381724530873754,0,5,0,
SCZ15_Others_Read_thoughts15,0.0018,0.0014,0.0029,0.6,0.559,0.507,0.20738559004068247,0.941295275849442,0,5,0,
SUD15_Snuff15:ASD9_absorbed_problems9,-0.0224,0.012,0.0366,-0.605,0.559,0.488,0.4034463276786642,0.9639882479657125,0,5,0,
ACE15_other_bullying15,0.0023,0.0013,0.0039,0.606,0.56,0.499,0.37810887150145023,0.9414152805389544,0,5,0,
SUD15_Cannabis15,-0.0247,0.0204,0.0383,-0.67,0.561,0.608,0.12099276867667497,0.9295124682965061,0,5,0,
SUD15_Snuff15:ASD9_difficulty_socialize9,-0.0181,0.0255,0.0203,-0.716,0.566,0.817,0.06340407233153078,0.9803253842849231,0,5,0,
SUD15_Cigarettes15:PRS_Amygdala_excitatory,0.0101,0.0162,0.0217,0.477,0.567,0.664,0.200620930166576,0.9602679432173513,0,5,0,
SUD15_OtherDrugs15:SES_education_mother,-0.0013,0.0036,0.0056,-0.249,0.571,0.558,0.29503715965284116,0.7955064480558611,0,5,0,
SUD15_Cigarettes15:SES_birth_country_mother,0.0018,0.0034,0.0044,0.431,0.573,0.595,0.12970713253936772,0.9463975344815028,0,5,0,
SUD15_Cannabis15:ADHD9_difficulty_hold_still9,-0.0081,0.0211,0.0182,-0.392,0.574,0.629,0.03573983204297981,0.967703247040316,1,5,20,
SUD15_Cannabis15:SEX,0.0051,0.0095,0.0145,0.366,0.581,0.577,0.27554442493008446,0.9483954348549377,0,5,0,
SUD15_Painkillers_opioids15:SCZ15_PROD_seen_hallucinations9,0.0106,0.011,0.0156,0.614,0.581,0.657,0.16333171071738084,0.9413081874786093,0,5,0,
PRS_Hippocampal_CA4,-0.0055,0.0135,0.0191,-0.292,0.582,0.502,0.24265736445021213,0.9598491855015405,0,5,0,
ADHD9_often_lose_things9,0.0026,0.0028,0.0044,0.581,0.583,0.787,0.18292284423236937,0.903632022090046,0,5,0,
factor(batch)GSA3:PC2,0.2802,0.3136,0.6053,0.422,0.584,0.623,0.20448058508671973,0.8728641509904649,0,5,0,
ASD9_difficulty_express9,0.0086,0.0115,0.0165,0.511,0.585,0.705,0.13854857796164577,0.9256145792459372,0,5,0,
ADHD9_often_motor9,0.0048,0.006,0.0073,0.649,0.588,0.771,0.1260060040305231,0.9985957141757389,0,5,0,
ADHD9_avoid_mental_effort_tasks9,-0.0017,0.0031,0.005,-0.329,0.589,0.612,0.2757241312672478,0.8895196230284572,0,5,0,
SUD15_Snuff15:ADHD9_often_motor9,-0.0016,0.006,0.0083,-0.221,0.59,0.687,0.21572797785287712,0.7932286428626287,0,5,0,
ASD9_strange_movements9,0.014,0.0054,0.0255,0.546,0.591,0.562,0.4792534113625122,0.8338006669609914,0,5,0,
SUD15_Alcohol15:ADHD9_talk_excess9,0.0018,0.0011,0.0032,0.556,0.597,0.649,0.3264047359990214,0.8357845516723503,0,5,0,
SUD15_Cannabis15:PRS_LAMP5_LHX6_and_Chandelier,-0.0233,0.0403,0.0608,-0.378,0.598,0.609,0.20810180781815335,0.9695658017216304,0,5,0,
SUD15_Cannabis15:ACE15_other_bullying15,-0.0072,0.005,0.0134,-0.559,0.598,0.606,0.3363629334974012,0.9745853462120215,0,5,0,
SUD15_Cannabis15:ADHD9_difficulty_following_instructions9,0.0114,0.0054,0.0214,0.53,0.604,0.61,0.3827885623408467,0.8385310383239815,0,5,0,
ADHD9_often_run9,-0.0028,0.0026,0.0054,-0.515,0.616,0.462,0.3589907253254676,0.9552788274880828,0,5,0,
PRS_LAMP5_LHX6_and_Chandelier,-0.0099,0.0052,0.0194,-0.509,0.62,0.556,0.40993584749325285,0.8819991386335138,0,5,0,
ADHD9_difficulty_waiting9,0.0021,0.0024,0.0048,0.441,0.627,0.605,0.3086197470305221,0.9388883038995188,0,5,0,
factor(batch)PSYC:PC1,-0.0019,0.0978,0.148,0.003,0.628,0.594,0.35451258924990814,0.9706999602402449,0,5,0,
factor(batch)GSA3:PC1,-0.1804,0.138,0.3958,-0.58,0.629,0.678,0.09236597048459294,0.8954336368959273,0,5,0,
PRS_Medium_spiny_neuron,-0.0011,0.0133,0.0194,-0.055,0.632,0.656,0.2538659146109148,0.9167174408646401,0,5,0,
SUD15_Cannabis15:ADHD9_often_blurt_out9,3e-4,0.0129,0.0192,0.002,0.637,0.715,0.34219941522122244,0.9225536077887428,0,5,0,
factor(batch)GSA1:PC1,-0.1262,0.1318,0.2534,-0.537,0.637,0.831,0.23368448560641264,0.9861878486463622,0,5,0,
ASD9_repeat_words9,-0.0034,0.0171,0.028,-0.135,0.638,0.529,0.43378851695848075,0.8883487462589419,0,5,0,
ADHD9_often_blurt_out9,-0.0019,0.0022,0.0046,-0.418,0.638,0.645,0.27311806175502973,0.8756065277909304,0,5,0,
SCZ15_Not_tired15,-8e-4,0.001,0.0022,-0.344,0.647,0.694,0.465257014003841,0.8534624220707165,0,5,0,
SUD15_Cigarettes15:PRS_Hippocampal_CA1_3,-6e-4,0.0156,0.0223,-0.041,0.652,0.747,0.2630439473557351,0.9351183315243503,0,5,0,
SUD15_Alcohol15:ASD9_strange_movements9,-0.0033,0.0021,0.007,-0.463,0.654,0.602,0.4507163247378547,0.9728581909906329,0,5,0,
SES_education_mother,6e-4,8e-4,0.002,0.299,0.654,0.697,0.46089146079976295,0.7514623955898272,0,5,0,
SUD15_Snuff15:ACE18_witness_crime18,-2e-4,0.0055,0.0086,-0.027,0.656,0.772,0.34477309650486854,0.8543083192498147,0,5,0,
SUD15_OtherDrugs15:ADHD9_often_run9,-0.006,0.0029,0.0134,-0.443,0.662,0.6,0.5336787165415868,0.853815421653721,0,5,0,
ASD9_absorbed_problems9,-0.0047,0.0035,0.0104,-0.454,0.663,0.512,0.4406341900971191,0.9536011889120302,0,5,0,
SUD15_Cannabis15:PRS_Deep_layer_corticothalamic,0.0184,0.03,0.0566,0.317,0.664,0.752,0.3282243119801469,0.9654974244060766,0,5,0,
SUD15_Painkillers_opioids15:SES_birth_country_mother,0.002,0.0043,0.0097,0.218,0.68,0.721,0.46117382322519074,0.8754535958241612,0,5,0,
SUD15_Cigarettes15:ACE18_emotional_abuse18,-0.0021,0.0025,0.0047,-0.44,0.683,0.854,0.23967612463612986,0.96537921333262,0,5,0,
ASD9_own_terms9,0.0013,0.0036,0.0077,0.167,0.687,0.685,0.5442718734337109,0.9003167548448927,0,5,0,
SUD15_Alcohol15:ASD9_repeat_words9,0.001,0.0039,0.0076,0.147,0.702,0.647,0.4549377392994032,0.9911150590361046,0,5,0,
PRS_Hippocampal_dentate_gyrus,0.0249,0.0316,0.0605,0.418,0.717,0.845,0.1918743585219207,0.9788324382054887,0,5,0,
ACE15_bullied_often15,-0.0016,8e-4,0.0043,-0.367,0.717,0.711,0.5993034234684775,0.9419501064424893,0,5,0,
ASD9_difficulty_expect_behavior9,-0.004,0.0068,0.01,-0.412,0.724,0.913,0.09977206079751832,0.9350816547989456,0,5,0,
SUD15_OtherDrugs15:ASD9_easily_influenced9,0.0014,0.0069,0.0096,0.105,0.727,0.827,0.21272165686895628,0.9931265628373724,0,5,0,
ADHD9_often_move9,-0.001,0.0028,0.0061,-0.162,0.73,0.758,0.4675085917491961,0.941329226263947,0,5,0,
ADHD9_difficulty_with_attention9,9e-4,0.0031,0.0057,0.154,0.74,0.801,0.30009635036937143,0.9927383411200454,0,5,0,
SUD15_Snuff15:PRS_Cerebellar_inhibitory,0.0108,0.0138,0.0324,0.332,0.748,0.779,0.29439149857673264,0.9634698949529117,0,5,0,
SUD15_OtherDrugs15:SCZ15_Read_others_minds15,0.0016,0.0028,0.0064,0.253,0.757,0.908,0.44961795590513454,0.9885417033481891,0,5,0,
PRS_Cerebellar_inhibitory,-0.0041,0.0063,0.0181,-0.228,0.759,0.827,0.5219595424078576,0.9659717431892485,0,5,0,
SUD15_Alcohol15:PRS_Hippocampal_dentate_gyrus,-0.0047,0.0086,0.0165,-0.293,0.763,0.899,0.23646272379564515,0.9912490014842219,0,5,0,
ADHD9_talk_excess9,9e-4,0.0037,0.0115,0.08,0.771,0.794,0.6664771655951234,0.8356100531667838,0,5,0,
ADHD9_difficulty_calm9,0.0015,0.0036,0.0093,0.162,0.775,0.785,0.47030264264120447,0.9518636346805498,0,5,0,
SUD15_Alcohol15:ACE18_hate_crime18,7e-4,0.0036,0.0099,0.062,0.777,0.73,0.5999528590379524,0.9950406853037919,0,5,0,
SUD15_Painkillers_opioids15:ASD9_talk_too_high_low9,0.0024,0.0038,0.0137,0.165,0.791,0.828,0.5878729563749143,0.8830767246182472,0,5,0,
SES_birth_country_mother,-0.0013,0.0017,0.0049,-0.274,0.791,0.878,0.39321532659373926,0.9849243967802799,0,5,0,
SUD15_Cigarettes15,0.0031,0.0043,0.0153,0.196,0.796,0.842,0.5561481557639865,0.9021194882038102,0,5,0,
SUD15_OtherDrugs15:SCZ15_Too_much_energy15,1e-4,0.001,0.006,0.01,0.914,0.939,0.7960617581951723,0.9988736612221061,0,5,0,
