Model;seed_index;rmse;mae;r2;spearman_rho;spearman_p;pearson_r;pearson_p
AdaBoostRegressor;0;0.09610354666619418;0.07903841375639258;0.08473322940102868;0.4192002386643717;5.1980832089274706e-45;0.4433582944132194;9.707146524887913e-51
AdaBoostRegressor;1;0.10066880175988942;0.08162183369391156;0.04065215068929362;0.3879437585680155;1.279945774416164e-37;0.4103713651082815;2.6332942170029624e-42
AdaBoostRegressor;2;0.1011587300298761;0.08369571360818259;0.028753299394941756;0.35101789497019464;2.602871510945122e-30;0.39343102085919635;2.718893484873072e-38
AdaBoostRegressor;3;0.10047643059044048;0.08298534901600747;0.0024073661725818596;0.4202297878831745;1.0772602711470733e-44;0.4258484429971233;5.661978923277648e-46
AdaBoostRegressor;4;0.1008923368631194;0.0830188163428651;-0.01434189629221816;0.35757542228280653;3.716631937245301e-32;0.3885664747232081;3.877787992209687e-38
BaggingRegressor;0;0.09048096249943668;0.07331141092877684;0.18869661502496127;0.40594622203588204;4.637034901526905e-42;0.4478735594451502;7.311865017688362e-52
BaggingRegressor;1;0.09578454827967262;0.0745086813029129;0.13148520991405777;0.38581495033341706;3.4163120064849286e-37;0.3936392252977887;8.931936237354951e-39
BaggingRegressor;2;0.09689158707282773;0.07735035287967237;0.10896459926590962;0.3424602863700318;7.672659994787162e-29;0.37355956565917536;2.098378014447698e-34
BaggingRegressor;3;0.09441348975390877;0.07478582137502676;0.11916829610927848;0.37282720141449754;8.01630797605559e-35;0.37893537907344493;5.256834806416454e-36
BaggingRegressor;4;0.09435155652833022;0.07425414129370182;0.11291315339718111;0.36293153012390705;3.8239124971718894e-33;0.37104094864245313;1.1245794082898746e-34
BayesianRidge;0;0.08445048389616769;0.06806489615683162;0.29323806811230546;0.5229136200945285;3.231465313147723e-73;0.5422768523276114;1.1956032570474319e-79
BayesianRidge;1;0.088997704854246;0.06855731592216831;0.25020261519559217;0.4999993083646178;5.381839124632186e-65;0.5008811282194358;2.967822209018734e-65
BayesianRidge;2;0.0887543546437485;0.0706986366319894;0.2523434188504481;0.47327396577929237;7.594634706989602e-57;0.50459379035586;1.3934417395812127e-65
BayesianRidge;3;0.08839299051972511;0.07000340643411045;0.22792322010295973;0.4653899833145441;1.085848200357354e-55;0.483251395772482;1.6207362437694527e-60
BayesianRidge;4;0.08659954829927302;0.06779626081893025;0.2526926479051069;0.46758767092056935;1.3631731855364467e-56;0.503168743774736;1.2550713808865196e-66
DecisionTreeRegressor;0;0.12450020712757444;0.09674758924039926;-0.5360629438312987;0.23194672783960377;5.048402352865357e-14;0.25387757830876795;1.3872930135522965e-16
DecisionTreeRegressor;1;0.12555860696787363;0.09764313387860524;-0.49237953533460055;0.20224418905485356;8.779138318833414e-11;0.21735358150449813;2.895725585642746e-12
DecisionTreeRegressor;2;0.1286932472240787;0.10039644506404113;-0.5719341102728326;0.21243890984418318;1.1991481129316291e-11;0.2242810444655868;7.614516525543955e-13
DecisionTreeRegressor;3;0.13080238411869946;0.10243092739344613;-0.6906595288747273;0.17988745388854843;7.87444655512309e-09;0.2058724216971034;3.546619833279628e-11
DecisionTreeRegressor;4;0.12584178675853036;0.09787931695268917;-0.5780390766172749;0.22229344425409234;6.753486872853507e-13;0.2321264430265942;5.87248221843381e-14
DummyRegressor;0;0.10045845480267226;0.08081996086711622;-9.637239674686882e-05;;;;
DummyRegressor;1;0.10277959966124173;0.0815619780563107;-3.478715355775819e-07;;;;
DummyRegressor;2;0.10264556710045182;0.08308696039740823;-7.406220928762863e-06;;;;
DummyRegressor;3;0.1007228137269383;0.08214930450139882;-0.0024911231034712156;;;;
DummyRegressor;4;0.10023769997174473;0.0812625238941182;-0.0012215465964171557;;;;
ElasticNet;0;0.10045845480267226;0.08081996086711622;-9.637239674686882e-05;;;;
ElasticNet;1;0.10277959966124173;0.0815619780563107;-3.478715355775819e-07;;;;
ElasticNet;2;0.10264556710045182;0.08308696039740823;-7.406220928762863e-06;;;;
ElasticNet;3;0.1007228137269383;0.08214930450139882;-0.0024911231034712156;;;;
ElasticNet;4;0.10023769997174473;0.0812625238941182;-0.0012215465964171557;;;;
ElasticNetCV;0;0.08416663055077005;0.0678211918382779;0.2979811927211963;0.5258175915409902;3.725456657673061e-74;0.548179522424501;1.0769817880930935e-81
ElasticNetCV;1;0.0889663444185469;0.0688326877043908;0.25073093960263637;0.4997626663597477;6.312048193484679e-65;0.501745473263355;1.6532268412809678e-65
ElasticNetCV;2;0.08850817281098179;0.07045588257700809;0.2564852821149699;0.4775261408988314;5.5835913501758456e-58;0.5085566808764507;9.388306992635967e-67
ElasticNetCV;3;0.08757200814119795;0.06929593196395376;0.2421985108693887;0.4818363910333888;4.004458538880541e-60;0.49719775791635656;1.7289757636481977e-64
ElasticNetCV;4;0.08619511786215636;0.0676484728128059;0.25965638179452977;0.4773545238863221;3.136967542001361e-59;0.5101017774636708;1.003447221772582e-68
ExtraTreeRegressor;0;0.1310816868464494;0.09905261377093554;-0.7027579140682334;0.19892073357576046;1.2385358392208674e-10;0.20663852681320496;2.2377937071527302e-11
ExtraTreeRegressor;1;0.12464552295072598;0.09440378820490743;-0.4707527722621694;0.25473574320116027;2.007953560568736e-16;0.2498584914815581;7.695048543103394e-16
ExtraTreeRegressor;2;0.1244773063075455;0.09630129824867124;-0.47062919291600713;0.27097508296176875;2.9538571378641906e-18;0.28314561284516065;7.445024097780616e-20
ExtraTreeRegressor;3;0.1241718541818825;0.09722638680659669;-0.5236007201705972;0.2043933141939216;4.9222226827188643e-11;0.22576155177586235;3.3918431675469687e-13
ExtraTreeRegressor;4;0.13137533674607113;0.10117957671507045;-0.7198702565955908;0.20285364306778014;6.070456620675578e-11;0.2233981006220772;5.162020307462591e-13
ExtraTreesRegressor;0;0.0871014555942494;0.07037303332769412;0.24816993296662782;0.4694682909061105;1.7917833852174298e-57;0.4996032962637816;5.25494708989844e-66
ExtraTreesRegressor;1;0.09200876549494792;0.07089485578992681;0.1986085308536687;0.45235738582416796;4.2718301510045725e-52;0.45137685089551727;7.503705694345809e-52
ExtraTreesRegressor;2;0.09030591126633253;0.07230210420841683;0.22597466087951368;0.4543773925835558;5.36074032105695e-52;0.48130080449495694;5.33521691921634e-59
ExtraTreesRegressor;3;0.09156640259943041;0.07261394302848574;0.17149117007845194;0.415754596638686;1.0816848514093022e-43;0.43313056229879965;1.1441245163205495e-47
ExtraTreesRegressor;4;0.08953702663820587;0.07063769535408593;0.20113510388959166;0.4385468581432469;3.1008675837391156e-49;0.4564082357819407;1.1247868143137662e-53
GaussianProcessRegressor;0;0.16348517808411653;0.12989125006190103;-1.6486564684653913;-0.33969603690159583;3.506147267028663e-29;-0.2610446307945645;1.7775210808422017e-17
GaussianProcessRegressor;1;0.16398247027292426;0.12794336939259987;-1.545547213528219;-0.3364459937925511;3.758686736259383e-28;-0.21673590142749555;3.3460814899718114e-12
GaussianProcessRegressor;2;0.16413860811473766;0.12882930331526535;-1.5570799806950562;-0.3228033150670854;1.232333906096355e-25;-0.19891446808094967;2.304929145131303e-10
GaussianProcessRegressor;3;0.15973101863196176;0.12488690954280242;-1.521177132260839;-0.32077169343861467;1.0102431691333585e-25;-0.20886118489227498;1.8151001119205763e-11
GaussianProcessRegressor;4;0.16034963116404777;0.12530736354064745;-1.5621463438434704;-0.3232663135009048;2.895731693277555e-26;-0.23436239584735455;3.3168049391741387e-14
GradientBoostingRegressor;0;0.08613461483542136;0.06982269018414394;0.26476817674850506;0.48638371094960586;3.7050847688408375e-62;0.5149344631860111;1.0990149952310929e-70
GradientBoostingRegressor;1;0.0913048649967401;0.07069621784546955;0.21082349900175246;0.4630169493985899;8.293749269705283e-55;0.46026242411790125;4.253510715668302e-54
GradientBoostingRegressor;2;0.09054683953629693;0.07266413465567474;0.22183908779191097;0.4414539294703855;7.485149120537007e-49;0.47486947745620717;2.864364846671811e-57
GradientBoostingRegressor;3;0.08878193340156396;0.07083591968730277;0.22111375623925744;0.46616366189878833;6.801316715838804e-56;0.47560196107274305;2.0491372671689755e-58
GradientBoostingRegressor;4;0.08799783454131775;0.06911671806366045;0.2283649051165323;0.4493811250103491;6.755144969508629e-52;0.479213401523099;9.653381280282976e-60
HistGradientBoostingRegressor;0;0.08855516579450409;0.07133810431102679;0.22286464828950747;0.4475226149682876;8.952088389340991e-52;0.47666690518415;1.9578557190789057e-59
HistGradientBoostingRegressor;1;0.09309841212402778;0.07230818822126565;0.17951460435866895;0.4405200706944954;3.400136285585815e-49;0.4384799512679263;1.0470821600614748e-48
HistGradientBoostingRegressor;2;0.09151658831153182;0.0730772634937204;0.20508175963154318;0.4312054877974484;1.8772094817295724e-46;0.46448067019301637;1.4950165714974814e-54
HistGradientBoostingRegressor;3;0.09070114227952594;0.07174821632841209;0.18707524287965926;0.43397569350943815;7.229747508195857e-48;0.4491605366103077;1.512315726217813e-51
HistGradientBoostingRegressor;4;0.08952159263353185;0.07018033408731376;0.20141048989099442;0.4388163790180129;2.6694777803957144e-49;0.45817973789444805;3.9455234067866116e-54
HuberRegressor;0;0.08500000796826881;0.06768738284759888;0.2840102628727307;0.5130119092264807;4.375128450386647e-70;0.5372572588601051;6.098838094331076e-78
HuberRegressor;1;0.09034525252502922;0.06892579156950984;0.2273247881534921;0.4908227573631855;2.3796447347504968e-62;0.49101120369466406;2.103724614139099e-62
HuberRegressor;2;0.089825582848848;0.07112414240105427;0.2341866951340028;0.4657893418951682;6.877663721420484e-55;0.4946322779800225;1.051309126865898e-62
HuberRegressor;3;0.08871319518130413;0.06970332523604703;0.22231937378116085;0.4624686502892437;6.2842891226260394e-55;0.4815306067208399;4.8662392442564907e-60
HuberRegressor;4;0.08771220375377654;0.06792541317067523;0.23336605179472147;0.46167421183211527;4.906243539522002e-55;0.4929641452230025;1.255963755610124e-63
KNeighborsRegressor;0;0.0978380225429943;0.07682287261038741;0.05139764802649083;0.3348347366897523;2.3731141110961857e-28;0.3594863321972677;1.0189256094303452e-32
KNeighborsRegressor;1;0.10187070901794097;0.07691347395609126;0.01760766488629295;0.3171156393110563;4.972111900185813e-25;0.32939966024782047;5.4835092950911555e-27
KNeighborsRegressor;2;0.10095351384362064;0.07930643896488629;0.03268995167384747;0.2930344421703721;3.2615599058756405e-21;0.3227325496918354;1.2643019118279691e-25
KNeighborsRegressor;3;0.0981551069660315;0.07601627757549796;0.047969990685776565;0.33157390620778965;1.801387989312586e-27;0.33297937133601146;1.054020829301303e-27
KNeighborsRegressor;4;0.09927100798375825;0.07633181450410936;0.017996886519696664;0.29757864738446865;2.5293996437891584e-22;0.3168922877932007;2.99364577376454e-25
KernelRidge;0;0.08505595984873009;0.06818010774110785;0.2830673416105822;0.5058660919592102;6.881985140499918e-68;0.5324257639138498;2.5231283195786897e-76
KernelRidge;1;0.08950870225369101;0.0687318277966283;0.2415676854915726;0.49238892881777063;8.524422925712843e-63;0.49444371519855373;2.198877257774952e-63
KernelRidge;2;0.08957898180135825;0.07105519606359126;0.2383857468675339;0.464721005831631;1.2966670715652393e-54;0.49631668386506594;3.481776835441545e-63
KernelRidge;3;0.08877861588887916;0.07029985550597156;0.22117196440430198;0.4572369526165097;1.3977183116656849e-53;0.4799125595957192;1.3604715539817924e-59
KernelRidge;4;0.08757986386091729;0.0683375019831369;0.23567769628186552;0.4530245124826415;8.17867398497626e-53;0.48986459712010216;9.78075082043184e-63
Lars;0;0.08539423855749531;0.0683449724398497;0.2773533310372621;0.5043504343896622;1.9814357996431947e-67;0.5276591715398734;9.36405221186421e-75
Lars;1;0.09013712893145447;0.06943333679879392;0.23088062999955927;0.48402563141365923;1.9270044859170758e-60;0.4858132619424858;6.125519559334995e-61
Lars;2;0.09040314919560213;0.071418692439618;0.22430688207863947;0.46033410372899974;1.711870946181044e-53;0.4886646948100909;5.019298081590459e-61
Lars;3;0.08927438063649139;0.07067217490901512;0.21244928790553552;0.45296427184234045;1.6919785858283787e-52;0.4727929891091644;1.1752347706973573e-57
Lars;4;0.0877087158362828;0.06850013087471812;0.2334270217094937;0.45077585138446147;3.019458748017667e-52;0.4883695246017269;2.6126158874528046e-62
LarsCV;0;0.08414979356573572;0.06783366911448613;0.2982620331880106;0.5256328989868015;4.276827320470196e-74;0.5481716465787693;1.083838873256909e-81
LarsCV;1;0.08948617794863513;0.06930167304202375;0.24194934696025383;0.49213890222945;1.0046070104831349e-62;0.4925793130939698;7.521591445020752e-63
LarsCV;2;0.08865677528052918;0.07045155307223949;0.2539865100180686;0.4778352029999176;4.6120715545194576e-58;0.5070284666876206;2.667980147936036e-66
LarsCV;3;0.08758117333716241;0.06930149332129024;0.24203988112578378;0.481381331679007;5.351626866835461e-60;0.49703936991298014;1.9228101286387256e-64
LarsCV;4;0.08619474489371143;0.06764723471433011;0.25966278875161597;0.47742783092670127;2.9949186885966507e-59;0.5101026388941056;1.0028383811848877e-68
Lasso;0;0.10045845480267226;0.08081996086711622;-9.637239674686882e-05;;;;
Lasso;1;0.10277959966124173;0.0815619780563107;-3.478715355775819e-07;;;;
Lasso;2;0.10264556710045182;0.08308696039740823;-7.406220928762863e-06;;;;
Lasso;3;0.1007228137269383;0.08214930450139882;-0.0024911231034712156;;;;
Lasso;4;0.10023769997174473;0.0812625238941182;-0.0012215465964171557;;;;
LassoCV;0;0.08416207888376412;0.06781442641102636;0.29805711994842454;0.5258809594865451;3.553078824441874e-74;0.5482144951367914;1.0470509894018618e-81
LassoCV;1;0.08896430102892586;0.06882971559935848;0.25076535780985243;0.4997357979180131;6.427296953326144e-65;0.5017658299370396;1.630568615744945e-65
LassoCV;2;0.08850894133252925;0.07045346204554769;0.2564723700969227;0.47756441120738236;5.453036407239059e-58;0.5085685839168772;9.31204885394793e-67
LassoCV;3;0.08757007974880103;0.06929400395569525;0.2422318850621522;0.4817916712905974;4.120299942802372e-60;0.49723184212403493;1.6898768405422556e-64
LassoCV;4;0.08619461945947277;0.06764697736422365;0.25966494349009805;0.47744487578879297;2.9628182264592995e-59;0.5101042508331962;1.0017000846792333e-68
LassoLars;0;0.10045845480267226;0.08081996086711622;-9.637239674686882e-05;;;;
LassoLars;1;0.10277959966124173;0.0815619780563107;-3.478715355775819e-07;;;;
LassoLars;2;0.10264556710045182;0.08308696039740823;-7.406220928762863e-06;;;;
LassoLars;3;0.1007228137269383;0.08214930450139882;-0.0024911231034712156;;;;
LassoLars;4;0.10023769997174473;0.0812625238941182;-0.0012215465964171557;;;;
LassoLarsCV;0;0.08416101113462071;0.06781355950413817;0.29807493068134516;0.5258968167042816;3.5111998321457512e-74;0.5482218416764926;1.0408696422957058e-81
LassoLarsCV;1;0.08896348004222583;0.06882791163182812;0.25077918602703886;0.49977716632515234;6.2507091761587194e-65;0.5017760299047676;1.619331909415051e-65
LassoLarsCV;2;0.08850275109564218;0.07045448344436897;0.2565763697864588;0.47738719461724816;6.084270077944362e-58;0.5086013856710607;9.105075849382927e-67
LassoLarsCV;3;0.08758117333716241;0.06930149332129024;0.24203988112578378;0.481381331679007;5.351626866835461e-60;0.49703936991298014;1.9228101286387256e-64
LassoLarsCV;4;0.08619477079829337;0.06764320867141588;0.25966234375630093;0.47723879973142413;3.3749694098183304e-59;0.5100935441067841;1.0092849758063114e-68
LassoLarsIC;0;0.08414542109308597;0.06780134054869688;0.298334956726407;0.5259714336925269;3.3206384958515614e-74;0.5483127236274468;9.673416757155648e-82
LassoLarsIC;1;0.08893078401469381;0.0686625425045877;0.25132979494749197;0.5005626404881479;3.680317183768865e-65;0.5020138504642833;1.3781131356545315e-65
LassoLarsIC;2;0.08857181399326887;0.07045546460089218;0.2554156595911946;0.47744145830687973;5.883631958178072e-58;0.5080734294410093;1.3069896489737656e-66
LassoLarsIC;3;0.08759611841584009;0.06931135070788018;0.24178117849187764;0.480515052131227;9.283522884301759e-60;0.4967891249295642;2.274037962805647e-64
LassoLarsIC;4;0.0862055187961276;0.06763064023203044;0.2594777004523571;0.4770072892347351;3.906339612938092e-59;0.5098889964578566;1.1656815798915916e-68
LinearRegression;0;0.08540031075746059;0.06831015672961498;0.2772505556939867;0.5040327140139284;2.4715031465305985e-67;0.5273471008506301;1.183996889360725e-74
LinearRegression;1;0.08954349789625136;0.06881615252304368;0.24097790441971945;0.4923716900348972;8.621543351829927e-63;0.4940431900764197;2.86563504677909e-63
LinearRegression;2;0.08990172929667856;0.07115583697281075;0.23288776274053025;0.46418283642783587;1.783135939196077e-54;0.49215208351597256;5.291026202379748e-62
LinearRegression;3;0.08927438063649139;0.07067217490901512;0.21244928790553552;0.45296427184234045;1.6919785858283787e-52;0.47279298910916434;1.1752347706973573e-57
LinearRegression;4;0.0877275255337075;0.06851171514102562;0.2330981934565134;0.4506479725186191;3.2513248632141065e-52;0.48801303330051643;3.2999604026925156e-62
LinearSVR;0;0.090866473140994;0.07202037347316598;0.18176847504368165;0.5076872682102631;1.9178019864733274e-68;0.5278016295323839;8.412361198113591e-75
LinearSVR;1;0.0964737340138772;0.07551242893443007;0.11894203020160021;0.4238429906694647;2.6819002296411366e-45;0.41876937564743255;3.726631755706169e-44
LinearSVR;2;0.09894528585572192;0.07714426530009758;0.0707917980195274;0.41622933469632756;4.310139261636895e-43;0.445897424845672;6.42837624630787e-50
LinearSVR;3;0.09970970303059051;0.07895144224848563;0.017574373713869162;0.439479318297702;3.524006720638703e-49;0.45143592568137714;4.093128587056572e-52
LinearSVR;4;0.10207855128637477;0.08188428729325771;-0.038333813486756574;0.4096495671679737;1.3673308847681943e-42;0.43634875341844453;1.0468339214899241e-48
MLPRegressor;0;0.1148190799869386;0.08775914856075269;-0.30646262406680314;0.33535231683621775;1.939108615285466e-28;0.37672695952794166;5.207575757923112e-36
MLPRegressor;1;0.12312673318765921;0.09075055614342827;-0.435129267526299;0.29526857975388027;9.094111171619522e-22;0.2883023469374092;8.740826932576323e-21
MLPRegressor;2;0.11937696671788993;0.0921600966573789;-0.35258291914310913;0.27152388017128426;2.512051621226769e-18;0.2607666522001518;5.623099456120697e-17
MLPRegressor;3;0.12597631251285624;0.09761215876269579;-0.5682042283926418;0.2840802380112184;2.7012594974866684e-20;0.29346177203952106;1.3105702807626667e-21
MLPRegressor;4;0.10660985500845847;0.08361446573410058;-0.1325638797910922;0.29030213816434336;2.815882461002036e-21;0.3208633984428962;7.031697281913318e-26
NuSVR;0;0.09017900937514647;0.07151251197211854;0.1941025439349966;0.4383829355011714;1.6037996594994158e-49;0.474068980864389;1.0117567248006144e-58
NuSVR;1;0.09375571117939806;0.07255660613781482;0.16788802389335322;0.43474567992062085;8.04496472876578e-48;0.4497419025930701;1.911853265797602e-51
NuSVR;2;0.09340787020016514;0.07384231716353806;0.17188670108929338;0.426101312730209;2.7420968847937342e-45;0.45285612534405745;1.2779011817326578e-51
NuSVR;3;0.09448842344943947;0.07418707254356297;0.11776955176116277;0.41197585920897384;7.383247170972059e-43;0.4152929862020806;1.369535823834682e-43
NuSVR;4;0.09307251412424454;0.07311394680697725;0.1368010719892654;0.40142580281011303;8.147827584371946e-41;0.4258533760537526;3.089276334143451e-46
OrthogonalMatchingPursuit;0;0.0862730067548271;0.06978475060752136;0.2624036945002095;0.4906528305964924;2.2102542274956817e-63;0.5128099955137656;5.055698887401672e-70
OrthogonalMatchingPursuit;1;0.09052163437614474;0.07047473811656027;0.22430484152776242;0.4739190961331316;1.1069352338820372e-57;0.4747020329743255;6.817962843826459e-58
OrthogonalMatchingPursuit;2;0.09084636765152361;0.07257346702465116;0.21668227420026698;0.44063131110974413;1.174457797939371e-48;0.46728297740569463;2.8234707376201705e-55
OrthogonalMatchingPursuit;3;0.09050439240545802;0.07152183956731868;0.19059822759018186;0.45128086485286545;4.475807223949385e-52;0.4435479858162154;3.6426109414213995e-50
OrthogonalMatchingPursuit;4;0.08796019806088966;0.06922459214053803;0.22902481723316748;0.45812009638037937;4.087574169106813e-54;0.47909221444527267;1.0426624361006527e-59
OrthogonalMatchingPursuitCV;0;0.0862730067548271;0.06978475060752136;0.2624036945002095;0.4906528305964924;2.2102542274956817e-63;0.5128099955137656;5.055698887401672e-70
OrthogonalMatchingPursuitCV;1;0.09052163437614474;0.07047473811656027;0.22430484152776242;0.4739190961331316;1.1069352338820372e-57;0.4747020329743255;6.817962843826459e-58
OrthogonalMatchingPursuitCV;2;0.09084636765152361;0.07257346702465116;0.21668227420026698;0.44063131110974413;1.174457797939371e-48;0.46728297740569463;2.8234707376201705e-55
OrthogonalMatchingPursuitCV;3;0.09050439240545802;0.07152183956731868;0.19059822759018186;0.45128086485286545;4.475807223949385e-52;0.4435479858162154;3.6426109414213995e-50
OrthogonalMatchingPursuitCV;4;0.08796019806088966;0.06922459214053803;0.22902481723316748;0.45812009638037937;4.087574169106813e-54;0.47909221444527267;1.0426624361006527e-59
PassiveAggressiveRegressor;0;0.12177887193604213;0.09469809332778673;-0.4696460710388859;0.34412752830081134;5.9534525836206806e-30;0.3915471893837348;5.296837924492507e-39
PassiveAggressiveRegressor;1;0.0963914749039324;0.0757525163075266;0.1204438720641412;0.43174720036504344;4.0607907514100955e-47;0.44158274285252136;1.886814166589174e-49
PassiveAggressiveRegressor;2;0.09387404608137088;0.07449227935988068;0.16360025203904405;0.38915594865464587;1.9655580950185195e-37;0.4283259423372024;8.569669831593065e-46
PassiveAggressiveRegressor;3;0.09533209421837419;0.07559826930834479;0.10194465110131268;0.43024052447513716;5.444088429624028e-47;0.44695242290374393;5.325384195370197e-51
PassiveAggressiveRegressor;4;0.08940659913482281;0.06977805286927896;0.2034608024036766;0.4244564077735969;6.487869111732029e-46;0.4574673093898501;6.017220489346914e-54
PoissonRegressor;0;0.09405060029272837;0.07636708821263068;0.12341909070975032;0.47430547657017214;8.717596908839644e-59;0.4839115875881402;1.8616951909804976e-61
PoissonRegressor;1;0.09727657109175959;0.07723222269429753;0.10421700237194365;0.4417581213048773;1.711713893697024e-49;0.44381439332494454;5.440587075571539e-50
PoissonRegressor;2;0.0966832604791267;0.07864715771825721;0.11279211036119119;0.4251066842397367;4.599401502829276e-45;0.45284880762809;1.2832386967720444e-51
PoissonRegressor;3;0.09549756652019853;0.07758289146234625;0.09882435345659446;0.4183847220957198;2.8001293556482526e-44;0.41032437321600873;1.6961570265091803e-42
PoissonRegressor;4;0.09452481064207303;0.07641616595276235;0.10965231574045142;0.41661379819088884;3.9200641991359353e-44;0.4495581655028503;6.100065677759546e-52
QuantileRegressor;0;0.10047587081677613;0.08069700558281169;-0.00044316654907960995;;;;
QuantileRegressor;1;0.10278824481430665;0.08136030994403785;-0.00016858202866476546;;;;
QuantileRegressor;2;0.10265750312667186;0.08292672301123985;-0.0002399892529489911;;;;
QuantileRegressor;3;0.10062567912050367;0.08170914542728633;-0.0005584998316479073;;;;
QuantileRegressor;4;0.1001841451005087;0.0809095941745092;-0.00015196964221164677;;;;
RANSACRegressor;0;0.3065279597520935;0.19620261359071725;-8.311272859825163;0.16935506280368046;4.685868454300214e-08;0.18905314292207487;1.0006704857080592e-09
RANSACRegressor;1;0.4542191204803827;0.22793523726438955;-18.530669534040104;0.24124908419232094;7.688719470132264e-15;0.18530416740833838;2.970447030475032e-09
RANSACRegressor;2;0.32070511526083345;0.21400411265549743;-8.761905373605606;0.15832403644163268;4.979334797589373e-07;0.16005943242709164;3.716625214768783e-07
RANSACRegressor;3;0.28318449468810963;0.19933749479367519;-6.924352352173613;0.20751746567212317;2.4560470024226964e-11;0.18385596662816275;3.6211386877732554e-09
RANSACRegressor;4;0.2830043650957209;0.1976912002783483;-6.980944115494223;0.148843017304683;1.7810657333783013e-06;0.14875742272367076;1.8058241233305674e-06
RandomForestRegressor;0;0.08654167079055047;0.07023323041786499;0.2578026225580834;0.47846542575703727;6.228204080455411e-60;0.5100889997046192;3.5143549824696956e-69
RandomForestRegressor;1;0.09114257736559922;0.07105075692351842;0.21362641129455673;0.4618485016453607;1.6623363719667702e-54;0.46266854380838973;1.020736711677917e-54
RandomForestRegressor;2;0.09002765898368374;0.07216391167428023;0.23073719539606075;0.447318975649767;2.9086324559149783e-50;0.4808797406165175;6.942876900799953e-59
RandomForestRegressor;3;0.09002793328572788;0.07134468735020244;0.19909796400081836;0.4468071557794859;5.783315912078886e-51;0.45105429789871465;5.0997783120414824e-52
RandomForestRegressor;4;0.08928021529242637;0.07052083067183353;0.2057111627305146;0.44272957406596125;2.986958834863186e-50;0.4540481865646081;4.498236231635388e-53
Ridge;0;0.08532868711160956;0.06831758963128465;0.2784623602462457;0.5053225266974691;1.0062081910189403e-67;0.5283389076079773;5.612689522690329e-75
Ridge;1;0.08950412139171382;0.06875587350907685;0.2416453133592864;0.49306329692285683;5.469863109836112e-63;0.494491341503598;2.1306585091477936e-63
Ridge;2;0.08948859309548023;0.0710096437121353;0.2399219687252947;0.46575559961426616;7.017035925002063e-55;0.49752670354394884;1.5681147535980697e-63
Ridge;3;0.08922811968945904;0.07058054913764418;0.2132652756946437;0.45444893852583235;7.142112724925691e-53;0.4734595943684475;7.775863837631959e-58
Ridge;4;0.08754007864412636;0.06830214015522966;0.2363719613850659;0.45388058856118985;4.961485158432444e-53;0.49044690950601083;6.661983520235654e-63
RidgeCV;0;0.08503414860396906;0.06820093012018567;0.2834349863649912;0.510478709007391;2.6650762687015584e-69;0.5326435217914424;2.136174118735631e-76
RidgeCV;1;0.08932050837954454;0.0686339516604197;0.2447535716266922;0.4957606233507992;9.182108515252604e-64;0.49690767501745475;4.278081024995184e-64
RidgeCV;2;0.08919878459533002;0.07084272081426728;0.2448370172998886;0.4701316053936782;5.105379527868767e-56;0.5010057595583703;1.554388941701426e-64
RidgeCV;3;0.08906626204992862;0.07045129946060953;0.21611692225869839;0.4565586974287365;2.081432852452336e-53;0.4753503979800968;2.397690285993013e-58
RidgeCV;4;0.0873235661687046;0.06816369948699592;0.24014464558536408;0.457112560121413;7.421692813591961e-54;0.49319334742260246;1.0781936831224058e-63
SGDRegressor;0;0.08521659627752035;0.06843912108803864;0.2803567907510941;0.5048935897896816;1.357255917261657e-67;0.5320787851387886;3.288808522925112e-76
SGDRegressor;1;0.0904253005945251;0.06993987249314554;0.22595496388194602;0.4762557931252336;2.596301705347016e-58;0.4816539465589797;8.72389510332221e-60
SGDRegressor;2;0.0908752174755363;0.07192856305713294;0.21618468321445272;0.4653372050167014;8.99722281302327e-55;0.4970806904094689;2.104898402874808e-63
SGDRegressor;3;0.09046245765270634;0.06981327398984383;0.19134811826088072;0.45527518901169284;4.411321271199169e-53;0.4816671134158577;4.460824936760725e-60
SGDRegressor;4;0.08813246195499289;0.06861872486515827;0.2260020582835427;0.4433802524968086;2.0694613816589255e-50;0.4791359415027727;1.014076239834163e-59
SVR;0;0.09053918288388488;0.07378551121785464;0.18765220545493322;0.40324681384137;1.7824638385723176e-41;0.4452906137991079;3.2250971031651534e-51
SVR;1;0.09248845601677791;0.07285477352784665;0.1902305902867607;0.41934626700428274;2.76917481972882e-44;0.4398213729824921;5.002268551024346e-49
SVR;2;0.09266497152820367;0.07434719996305021;0.1850067481190607;0.41338624182792805;1.7930187936339477e-42;0.44254957100816744;4.1001207758786536e-49
SVR;3;0.0926820815953515;0.07491255525827913;0.15117845309910527;0.4087750306689455;3.6855873173217426e-42;0.42351131343478404;1.9411945965248297e-45
SVR;4;0.09159235612518456;0.07330870432121972;0.1640381404947382;0.3965784645120335;8.595255732187933e-40;0.42754521436762133;1.2518710107711796e-46
TransformedTargetRegressor;0;0.08540031075746059;0.06831015672961498;0.2772505556939867;0.5040327140139284;2.4715031465305985e-67;0.5273471008506301;1.183996889360725e-74
TransformedTargetRegressor;1;0.08954349789625136;0.06881615252304368;0.24097790441971945;0.4923716900348972;8.621543351829927e-63;0.4940431900764197;2.86563504677909e-63
TransformedTargetRegressor;2;0.08990172929667856;0.07115583697281075;0.23288776274053025;0.46418283642783587;1.783135939196077e-54;0.49215208351597256;5.291026202379748e-62
TransformedTargetRegressor;3;0.08927438063649139;0.07067217490901512;0.21244928790553552;0.45296427184234045;1.6919785858283787e-52;0.47279298910916434;1.1752347706973573e-57
TransformedTargetRegressor;4;0.0877275255337075;0.06851171514102562;0.2330981934565134;0.4506479725186191;3.2513248632141065e-52;0.48801303330051643;3.2999604026925156e-62
TweedieRegressor;0;0.08765831778057274;0.07106344341092193;0.23852591378700339;0.4956507648713176;7.74246807375391e-65;0.5136201522649939;2.8286970135065573e-70
TweedieRegressor;1;0.09173535171871264;0.07198083634685319;0.20336429320297766;0.46711918564509325;7.067559033542639e-56;0.4709628613984478;6.821901511703279e-57
TweedieRegressor;2;0.09110042762593791;0.07363719115279108;0.21229491209226592;0.443857301215275;1.9931394831109246e-49;0.47636732180815505;1.1413786924656332e-57
TweedieRegressor;3;0.0904841077462639;0.07228756855346037;0.19096100775463398;0.44475036589083045;1.8516876540696227e-50;0.4527222161026948;1.946651381381236e-52
TweedieRegressor;4;0.08905968734701174;0.0707993099710975;0.20963020689745282;0.43875349676227626;2.7644584299329047e-49;0.4760365505467319;7.202787036887176e-59
LGBMRegressor;0;0.08817865134030739;0.07092664602488521;0.22945897067309284;0.45012161337390194;1.9885899961762435e-52;0.4841324777867148;1.612486356595797e-61
LGBMRegressor;1;0.09318317321123165;0.0724708890973803;0.17801990877415674;0.4348978098435998;7.407368714183279e-48;0.4337929140988908;1.3480182538405278e-47
LGBMRegressor;2;0.09228340035395372;0.07370417245196276;0.19170480591454842;0.4198651895605382;6.824142262189073e-44;0.4553790621531266;3.018337830736077e-52
LGBMRegressor;3;0.09037766723849913;0.07151452936121444;0.1928633058066579;0.4360540980444776;2.325201242354423e-48;0.4530184982729579;1.6396325778462177e-52
LGBMRegressor;4;0.09031644378195176;0.06972659163535604;0.18716637855876972;0.42567161881375;3.4030578471756076e-46;0.44537023440101403;6.703390200196067e-51
